{"cameraMode":{"drawMode":0,"name":"Shaded","section":"Shading Mode"},"sceneLighting":true,"audioPlay":false,"sceneViewState":{"showFog":true,"showMaterialUpdate":false,"showSkybox":true,"showFlares":true,"showImageEffects":true,"showParticleSystems":true},"in2DMode":false,"pivot":{"x":538.9521484375,"y":406.8612365722656,"z":-13.83880615234375},"rotation":{"x":-0.08320312201976776,"y":-0.2981075644493103,"z":0.02609408274292946,"w":-0.9505444169044495},"size":1045.502197265625,"orthographic":false}