{"cameraMode":{"drawMode":0,"name":"Shaded","section":"Shading Mode"},"sceneLighting":true,"audioPlay":false,"sceneViewState":{"showFog":true,"showMaterialUpdate":false,"showSkybox":true,"showFlares":true,"showImageEffects":true,"showParticleSystems":true,"showVisualEffectGraphs":true,"m_FxEnabled":true},"in2DMode":false,"pivot":{"x":456.4148254394531,"y":60.12102127075195,"z":11.23004150390625},"rotation":{"x":-0.016492564231157304,"y":0.028492270037531854,"z":0.0004701655125245452,"w":0.9994580745697022},"size":558.7359008789063,"orthographic":false}